model,accuracy,precision,recall,f1,auc_roc,auprc,inference_ms
Logistic Reg,0.9769205561537381,0.06238003838771593,0.8783783783783784,0.11648745519713262,0.9652291923324562,0.7733349158266184,0.0012189757743904675
Random Forest,0.9994616356912129,0.8805970149253731,0.7972972972972973,0.8368794326241135,0.9452992314205031,0.8332358134290301,0.0059093948549735625
XGBoost,0.9991807499648893,0.7407407407407407,0.8108108108108109,0.7741935483870968,0.9698743833873267,0.8218072674788601,0.002348455314974721
LSTM,0.9994382285473526,0.890625,0.7702702702702703,0.8260869565217391,0.9690632176915238,0.8021329924788315,0.01851674097581298
ABD-GAF (proposed),0.9992743785403305,0.9215686274509803,0.6351351351351351,0.752,0.9199160823738766,0.659462824678426,6.083224028387987e-05
